topic_id,topic_name
33,BIDMAS
1077,Simplifying Algebraic Fractions
339,Range and Interquartile Range from a List of Data
88,Properties of Quadrilaterals
67,Substitution into Formula
75,Area of Simple Shapes
238,Converting between Fractions and Percentages
224,Multiplying and Dividing with Decimals
230,Adding and Subtracting Fractions
164,Transformations of functions in the form f(x)
335,Expanding Triple Brackets and more
85,Nets
182,Angle Facts with Parallel Lines
209,Time
69,Trial and Improvement and Iterative Methods
241,Sharing in a Ratio
210,Ordering Negative Numbers
211,Adding and Subtracting Negative Numbers
1078,Adding and Subtracting Algebraic Fractions
189,Volume of Prisms
53,Factorising into a Double Bracket
203,Mental Addition and Subtraction
58,Real Life Graphs
204,Mental Multiplication and Division
159,Equation of a Circle
200,Counting
166,Solving Linear Inequalities
649,Function Machines
195,Length Units
64,Linear Equations
202,Place Value
239,Converting between Decimals and Percentages
251,Simplifying Expressions by Collecting Like Terms
227,Simplifying Fractions
171,Linear Sequences (nth term)
262,Parallel Lines
232,Dividing Fractions
175,Properties of Triangles
70,Writing Expressions
225,Fractions of an Amount
334,Writing Ratios
279,Right-angled Triangles (SOHCAHTOA)
165,Inequalities on Number Lines
233,Percentages of an Amount
229,Converting Mixed Number and Improper Fractions
228,Ordering Fractions
340,Averages and Range from Frequency Table
206,Written Subtraction
65,Quadratic Equations
223,Adding and Subtracting with Decimals
246,"Square Roots, Cube Roots, etc"
110,Experimental Probability and Relative Frequency
117,Time Series and Line Graphs
258,Horizontal and Vertical Lines
213,"Rounding to the Nearest Whole (10, 100, etc)"
263,Perpendicular Lines
168,Solving Quadratic Inequalities
344,Venn Diagrams
215,Rounding to Significant Figures
183,Angles in Polygons
266,Sketching from Factorised Form
172,Quadratic Sequences
181,"Basic Angle Facts (straight line, opposite, around a point, etc)"
264,Graphical Solution of Simultaneous Equations
197,Volume and Capacity Units
109,Pie Chart
655,Missing Lengths
51,Expanding Double Brackets
243,Direct Proportion
50,Expanding Single Brackets
95,Translation and Vectors
231,Multiplying Fractions
212,Multiplying and Dividing Negative Numbers
196,Area Units
260,Finding the Gradient and Intercept of a Line from the Equation
102,"Averages (mean, median, mode) from a List of Data"
1081,Algebraic Proof
179,Compound Area
237,Converting between Fractions and Decimals
1212,Other Graphs-Others
52,Factorising into a Single Bracket
265,Plotting Quadratics from Tables of Values
180,Measuring Angles
256,Completing the Square
173,Other Sequences
222,Ordering Decimals
208,Written Division
1079,Multiplying and Dividing Algebraic Fractions
157,Writing Formula
1173,Sequences-Others
207,Written Multiplication
275,Line Symmetry
254,Difference of Two Squares
103,Averages and Range from Grouped Data
92,Reflection
214,Rounding to Decimal Places
247,Laws of Indices
60,Rearranging Formula and Equations
1082,Recurring Decimals to Fractions
410,Distance Between Two Co-ordinates
219,Factors and Highest Common Factor
244,Indirect (Inverse) Proportion
94,Enlargement
167,Graphing Linear Inequalities (Shading Regions)
408,Midpoint Between Two Co-ordinates
259,Finding the Equation of a Line
111,Probability of Single Events
1171,Quadratic Graphs-Others
41,Basic Money
234,Percentage Increase and Decrease
63,Simultaneous Equations
1649,Volume of Non-Prisms
261,Gradient as change in y over change in x
84,Properties of Polygons
188,Surface Area of Prisms
73,"Types, Naming and Estimating"
252,Multiplying Terms
160,Graphs of Exponentials and Other Powers of x
108,Pictogram
226,Equivalent Fractions
406,Naming Co-ordinates in 2D
245,"Squares, Cubes, etc"
276,Rotational Symmetry
1213,2D Names and Properties of Shapes-Others
257,Plotting Lines from Tables of Values
93,Rotation
656,Co-ordinate Geometry with Straight Lines
90,Length Scale Factors in Similar Shapes
269,"Speed, Distance, Time"
337,Types of Data and Questionnaires
199,Temperature units
57,Cubics and Reciprocals
112,Tree Diagrams with Dependent Events
1975,Combining Operations
177,Names and Properties of 3D Shapes
191,Construct Triangle
220,Multiples and Lowest Common Multiple
216,Estimation
86,Perimeter
106,Block Graphs and Bar Charts
248,Simplifying Surds
190,Construct Angle
205,Written Addition
184,Parts of a Circle
1984,Quadratic inequalities on Number Lines
76,Bearings
439,Angles in Triangles
249,Operations with Surds
274,Congruency in Other Shapes
349,Combined Events
267,Sketching from Completing the Square Form
1976,Frequency tables
198,Weight Units
34,Upper and Lower Bounds
1636,Systematic Listing Strategies
47,Standard Form
409,Gradient Between Two Co-ordinates
282,Exact Values of Trigonometric Ratios
89,2D Pythagoras
217,Basic Calculator Use
273,"Length, Area and Volume Scale Factors"
1170,Straight Line Graphs-Others
332,Currency Conversions